"sample","efficiency","total_CHH_CHG"
"LCM_1",0.890600799505604,38485784
"LCM_11",0.813884614881023,29785990
"LCM_12",0.801044016296052,37651328
"LCM_17",0.750518241110567,42088035
"LCM_18",0.725736429417941,57677795
"LCM_24",0.874967725490902,89559844
"LCM_25",0.873786814056671,64161022
"LCM_3",0.666685731620454,33307188
"LCM_32",0.786320790702449,26556842
"LCM_33",0.635185456548705,10666299
