"sample","efficiency","total_CHH_CHG"
"LCM_1",0.840657342012325,9237018
"LCM_11",0.750424210758876,6599314
"LCM_12",0.714339146408392,7117174
"LCM_17",0.640375986047663,9429818
"LCM_18",0.608429044631969,16267846
"LCM_24",0.835452252486402,44231277
"LCM_25",0.821647003105493,20168778
"LCM_3",0.532825756045478,5544640
"LCM_32",0.718054304730599,7276309
"LCM_33",0.526192887932907,2877785
