"sample","efficiency"
"LCM_1",0.0131219458389876
"LCM_11",0.0252490123068901
"LCM_12",0.0188229906879425
"LCM_17",0.041311141713071
"LCM_18",0.0519735478738694
"LCM_24",0.00417973006397444
"LCM_25",0.00877760025669994
"LCM_3",0.0414931379561605
"LCM_32",0.0560917769117126
"LCM_33",0.0699707870125877
