"sample","efficiency"
"LCM_1",0.727625000721796
"LCM_11",0.803573668707062
"LCM_12",0.751684099902361
"LCM_17",0.731396883104184
"LCM_18",0.623661775936983
"LCM_24",0.338302231557109
"LCM_25",0.539088354262986
"LCM_3",0.808899127297148
"LCM_32",0.829831439703022
"LCM_33",0.943583710085796
