"sample","efficiency"
"LCM_1",0.672431835692683
"LCM_11",0.549336023787733
"LCM_12",0.542119221207248
"LCM_17",0.499965668442295
"LCM_18",0.504150914126444
"LCM_24",0.786838261687598
"LCM_25",0.723331792666875
"LCM_3",0.392128181443259
"LCM_32",0.52269982511792
"LCM_33",0.243778313562488
