"sample","efficiency"
"LCM_1",0.888883009307192
"LCM_11",0.812049042214985
"LCM_12",0.798932738557227
"LCM_17",0.747953598030206
"LCM_18",0.722733895592278
"LCM_24",0.875543075678573
"LCM_25",0.871591899852285
"LCM_3",0.662540922677014
"LCM_32",0.783288078758729
"LCM_33",0.630805987913647
