"sample","efficiency","total_CHH_CHG"
"LCM_1",0.672431835692683,1478303
"LCM_11",0.549336023787733,1088292
"LCM_12",0.542119221207248,1157227
"LCM_17",0.499965668442295,1456386
"LCM_18",0.504150914126444,2939473
"LCM_24",0.786838261687598,18300531
"LCM_25",0.723331792666875,4320641
"LCM_3",0.392128181443259,829262
"LCM_32",0.52269982511792,1219679
"LCM_33",0.243778313562488,685184
