"sample","efficiency"
"LCM_1",0.734333115711656
"LCM_11",0.808799547668931
"LCM_12",0.75785852620509
"LCM_17",0.738095813309405
"LCM_18",0.631857954023121
"LCM_24",0.346693593845345
"LCM_25",0.54801046159016
"LCM_3",0.813734208729636
"LCM_32",0.834303225260465
"LCM_33",0.945523642000795
